,bidPrice,askPrice,24h_ch,7d_ch,24h_volume,7d_volume,24h_quoteVolume,24h_highPrice,24h_lowPrice,lastPrice,lastQty,lastTradeSide,bidVolume,askVolume,bidCount,askCount,symbol,baseAsset,baseAssetPrecision,quoteAsset,quotePrecision,faName,faBaseAsset,faQuoteAsset,stepSize,tickSize,minQty,minNotional,createdAt,isNew,isFeeless
GMTTMN,31628.0000000000000000,31899.0000000000000000,3.64,5.69,21297.3000000000000000,164280.8000000000000000,669625923.4,32416.0000000000000000,29700.0000000000000000,31510.0,31510.0000000000000000,SELL,6260.0000000000000000,19576.7000000000000000,23,91,GMTTMN,GMT,1,TMN,0,استپن - تومان,استپن,تومان,1,0,0.1,100000,2022-06-18T00:00:00.000000Z,False,False
GMTUSDT,0.9737000000000000,0.9866800000000000,7.84,6.92,9825.2000000000000000,56565.5000000000000000,9704.307186,0.9983000000000000,0.9145400000000000,0.98623,0.9862300000000000,SELL,4072.6000000000000000,4997.5000000000000000,10,8,GMTUSDT,GMT,1,USDT,5,استپن - تتر,استپن,تتر,1,5,0.1,10,2022-06-18T00:00:00.000000Z,False,False
GMTBTC,0.0000341000000000,0.0000550000000000,0,0,-,1.0000000000000000,0.0,-,-,0.0001,0.0001000000000000,SELL,1383.6000000000000000,65.3000000000000000,5,12,GMTBTC,GMT,1,BTC,7,استپن - بیت کوین,استپن,بیت کوین,1,7,0.1,0.0001,2022-06-18T00:00:00.000000Z,False,False
PAXGTMN,55800000.0000000000000000,56266848.0000000000000000,0.69,2.95,2.3391060000000000,34.6323980000000000,131532252.504322,56600000.0000000000000000,55571995.0000000000000000,56327155.0,56327155.0000000000000000,SELL,2.9007780000000000,2.5912860000000000,20,32,PAXGTMN,PAXG,6,TMN,0,پکس گلد - تومان,پکس گلد,تومان,6,0,1e-06,100000,2022-06-01T00:00:00.000000Z,False,False
PAXGUSDT,1713.0000000000000000,1737.0000000000000000,0,1.94,0.0141080000000000,0.7798380000000000,24.519704,1738.0000000000000000,1738.0000000000000000,1738.0,1738.0000000000000000,SELL,1.0139680000000000,0.7762040000000000,10,7,PAXGUSDT,PAXG,6,USDT,2,پکس گلد - تتر,پکس گلد,تتر,6,2,1e-06,10,2022-06-01T00:00:00.000000Z,False,False
PAXGBTC,0.0511400000000000,0.0900000000000000,0,0,-,-,0.0,-,-,0.0919,0.0919000000000000,SELL,10.0224000000000000,0.0210000000000000,9,3,PAXGBTC,PAXG,4,BTC,5,پکس گلد - بیت کوین,پکس گلد,بیت کوین,4,5,0.0001,0.0001,2022-06-01T00:00:00.000000Z,False,False
1INCHTMN,22058.0000000000000000,22340.0000000000000000,3.26,4.51,6813.5800000000000000,37541.2600000000000000,151383288.65,22786.0000000000000000,21400.0000000000000000,22297.0,22297.0000000000000000,BUY,3202.7700000000000000,4389.6800000000000000,17,36,1INCHTMN,1INCH,2,TMN,0,وان اینچ - تومان,وان اینچ,تومان,2,0,0.01,100000,2022-05-28T00:00:00.000000Z,False,False
1INCHUSDT,0.6780000000000000,0.6890000000000000,5.57,5.89,596.2000000000000000,13229.7000000000000000,401.6102,0.7010000000000000,0.6600000000000000,0.701,0.7010000000000000,SELL,2206.1000000000000000,2821.3000000000000000,9,10,1INCHUSDT,1INCH,1,USDT,3,وان اینچ - تتر,وان اینچ,تتر,1,3,0.1,10,2022-05-28T00:00:00.000000Z,False,False
1INCHBTC,0.0000200000000000,0.0000390000000000,0,-,-,-,0.0,-,-,0.0,-,-,920.0000000000000000,6.9000000000000000,5,3,1INCHBTC,1INCH,1,BTC,7,وان اینچ - بیت کوین,وان اینچ,بیت کوین,1,7,0.1,0.0001,2022-05-28T00:00:00.000000Z,False,False
YFITMN,222800012.0000000000000000,231976041.0000000000000000,11.23,15.45,1.7902000000000000,5.6749200000000000,409758418.58434,239570404.0000000000000000,207379350.0000000000000000,231033319.0,231033319.0000000000000000,BUY,4.5914700000000000,0.6030300000000000,21,10,YFITMN,YFI,5,TMN,0,یرن فایننس - تومان,یرن فایننس,تومان,5,0,1e-05,100000,2022-05-22T00:00:00.000000Z,False,False
YFIUSDT,5220.0000000000000000,7100.0000000000000000,-19.62,-15.35,0.0962600000000000,0.3807500000000000,701.7242874,7368.5400000000000000,5200.0000000000000000,5200.0,5200.0000000000000000,SELL,0.1821900000000000,0.1435900000000000,7,9,YFIUSDT,YFI,5,USDT,2,یرن فایننس - تتر,یرن فایننس,تتر,5,2,1e-05,10,2022-05-22T00:00:00.000000Z,False,False
YFIBTC,0.1130030000000000,-,0,-,-,-,0.0,-,-,0.0,-,-,377.2900000000000000,0,11,-,YFIBTC,YFI,2,BTC,6,یرن فایننس - بیت کوین,یرن فایننس,بیت کوین,2,6,0.01,0.0001,2022-05-22T00:00:00.000000Z,False,False
CELRTMN,623.0000000000000000,630.0000000000000000,11.48,13.9,1445570.4000000000000000,7003089.6000000000000000,870960511.8,634.0000000000000000,556.0000000000000000,631.0,631.0000000000000000,SELL,186326.3000000000000000,292794.0000000000000000,53,45,CELRTMN,CELR,1,TMN,0,سلر - تومان,سلر,تومان,1,0,0.1,100000,2022-05-23T00:00:00.000000Z,False,False
CELRUSDT,0.0191500000000000,0.0194400000000000,3.09,5.08,3823.8000000000000000,95695.7000000000000000,67.243068,0.0180000000000000,0.0174600000000000,0.018,0.0180000000000000,BUY,53788.5000000000000000,82159.2000000000000000,9,9,CELRUSDT,CELR,1,USDT,5,سلر - تتر,سلر,تتر,1,5,0.1,10,2022-05-23T00:00:00.000000Z,False,False
CELRBTC,0.0000007200000000,0.0000010000000000,0,-57.63,1334.0000000000000000,1501.0000000000000000,0.0010045,8.000000000E-7,5.000000000E-7,5e-07,5.000000000E-7,BUY,10998.0000000000000000,4543.0000000000000000,8,8,CELRBTC,CELR,0,BTC,8,سلر - بیت کوین,سلر,بیت کوین,0,8,1,0.0001,2022-05-23T00:00:00.000000Z,False,False
APETMN,210900.0000000000000000,213145.0000000000000000,0.88,26.97,8301.2700000000000000,37590.2100000000000000,1782921383.61,224405.0000000000000000,202900.0000000000000000,210483.0,210483.0000000000000000,SELL,1261.2000000000000000,824.1500000000000000,46,27,APETMN,APE,2,TMN,0,ایپ کوین - تومان,ایپ کوین,تومان,2,0,0.01,100000,2022-05-24T00:00:00.000000Z,False,False
APEUSDT,6.4750000000000000,6.5690000000000000,10.32,29.92,120.2100000000000000,653.0700000000000000,778.14818,6.7000000000000000,5.8920000000000000,6.5,6.5000000000000000,BUY,135.3700000000000000,394.7300000000000000,9,8,APEUSDT,APE,2,USDT,3,ایپ کوین - تتر,ایپ کوین,تتر,2,3,0.01,10,2022-05-24T00:00:00.000000Z,False,False
APEBTC,0.0001800000000000,0.0003000000000000,0,-,-,-,0.0,-,-,0.0,-,-,565.7000000000000000,0.9000000000000000,8,3,APEBTC,APE,1,BTC,7,ایپ کوین - بیت کوین,ایپ کوین,بیت کوین,1,7,0.1,0.0001,2022-05-24T00:00:00.000000Z,False,False
POLSTMN,18710.0000000000000000,19013.0000000000000000,-0.06,1.13,9147.5000000000000000,92316.4000000000000000,174770572.4,20445.0000000000000000,18280.0000000000000000,18811.0,18811.0000000000000000,SELL,4447.3000000000000000,4438.3000000000000000,25,29,POLSTMN,POLS,1,TMN,0,پولکا استارتر - تومان,پولکا استارتر,تومان,1,0,0.1,100000,2022-05-25T00:00:00.000000Z,False,False
POLSUSDT,0.5740000000000000,0.5860000000000000,-1.03,1.23,646.3000000000000000,7058.9000000000000000,387.8754,0.6040000000000000,0.5780000000000000,0.578,0.5780000000000000,BUY,1613.0,3388.6000000000000000,6,9,POLSUSDT,POLS,1,USDT,5,پولکا استارتر - تتر,پولکا استارتر,تتر,1,5,0.1,10,2022-05-25T00:00:00.000000Z,False,False
POLSBTC,0.0000160000000000,0.0000299900000000,0,-,-,-,0.0,-,-,0.0,-,-,6387.0000000000000000,29.0000000000000000,5,4,POLSBTC,POLS,0,BTC,8,پولکا استارتر - بیت کوین,پولکا استارتر,بیت کوین,0,8,1,0.0001,2022-05-25T00:00:00.000000Z,False,False
DAITMN,32447.0000000000000000,32683.0000000000000000,0.45,1.9,5880.8600000000000000,31169.5700000000000000,191293930.12,32769.0000000000000000,32298.0000000000000000,32687.0,32687.0000000000000000,BUY,12660.9700000000000000,4381.5200000000000000,44,20,DAITMN,DAI,2,TMN,0,دای - تومان,دای,تومان,2,0,0.01,100000,2022-05-07T00:00:00.000000Z,False,False
AAVETMN,2944429.0000000000000000,2966761.0000000000000000,4.83,3.15,199.5830800000000000,910.9392800000000000,583784493.91126,3014000.0000000000000000,2808017.0000000000000000,2966761.0,2966761.0000000000000000,BUY,150.4009500000000000,58.7164600000000000,24,32,AAVETMN,AAVE,5,TMN,0,آوه - تومان,آوه,تومان,5,0,1e-05,100000,2022-05-15T00:00:00.000000Z,False,False
AAVEUSDT,90.4000000000000000,91.7000000000000000,3.56,2.85,3.1098800000000000,15.9242100000000000,279.905491,91.4000000000000000,87.0000000000000000,90.1,90.1000000000000000,BUY,19.5631400000000000,11.8143800000000000,11,8,AAVEUSDT,AAVE,5,USDT,2,آوه - تتر,آوه,تتر,5,2,1e-05,10,2022-05-15T00:00:00.000000Z,False,False
AAVEBTC,0.0025010000000000,0.0060000000000000,0,7.69,-,3.0100000000000000,0.0,-,-,0.0042,0.0042000000000000,SELL,10.9000000000000000,0.0800000000000000,8,3,AAVEBTC,AAVE,2,BTC,6,آوه - بیت کوین,آوه,بیت کوین,2,6,0.01,0.0001,2022-05-15T00:00:00.000000Z,False,False
GALATMN,1733.0000000000000000,1749.0000000000000000,1.52,2.42,467398.6000000000000000,2903534.5000000000000000,811181835.1,1790.0000000000000000,1685.0000000000000000,1733.0,1733.0000000000000000,BUY,131687.8000000000000000,214817.6000000000000000,52,118,GALATMN,GALA,1,TMN,0,گالا - تومان,گالا,تومان,1,0,0.1,100000,2022-05-10T00:00:00.000000Z,False,False
GALAUSDT,0.0533500000000000,0.0541200000000000,-2.21,2.12,5754.8000000000000000,154884.0000000000000000,310.341184,0.0542000000000000,0.0530000000000000,0.053,0.0530000000000000,SELL,75544.6000000000000000,60674.7000000000000000,13,10,GALAUSDT,GALA,1,USDT,5,گالا - تتر,گالا,تتر,1,5,0.1,10,2022-05-10T00:00:00.000000Z,False,False
GALABTC,0.0000017300000000,0.0000034900000000,0,283.48,-,386.0000000000000000,0.0,-,-,1.3e-05,0.0000130000000000,BUY,4010.0000000000000000,4299.0000000000000000,4,12,GALABTC,GALA,0,BTC,8,گالا - بیت کوین,گالا,بیت کوین,0,8,1,0.0001,2022-05-10T00:00:00.000000Z,False,False
ETCTMN,834480.0000000000000000,841000.0000000000000000,-4.58,32.65,2812.4029500000000000,15232.6928800000000000,2403926791.25876,960000.0000000000000000,800000.0000000000000000,841000.0,841000.0000000000000000,SELL,337.3604300000000000,563.8492100000000000,49,51,ETCTMN,ETC,5,TMN,0,اتریوم کلاسیک - تومان,اتریوم کلاسیک,تومان,5,0,1e-05,100000,2022-05-08T00:00:00.000000Z,False,False
ETCUSDT,25.7600000000000000,25.9500000000000000,-0.84,31.07,82.0143100000000000,1197.9299400000000000,2133.8750988,27.6900000000000000,24.5400000000000000,25.86,25.8600000000000000,BUY,73.5811700000000000,46.1889100000000000,14,5,ETCUSDT,ETC,5,USDT,2,اتریوم کلاسیک - تتر,اتریوم کلاسیک,تتر,5,2,1e-05,10,2022-05-08T00:00:00.000000Z,False,False
ETCBTC,0.0010000000000000,0.0030000000000000,0,0,-,0.2200000000000000,0.0,-,-,0.001,0.0010000000000000,SELL,12.3900000000000000,0.0600000000000000,5,3,ETCBTC,ETC,2,BTC,6,اتریوم کلاسیک - بیت کوین,اتریوم کلاسیک,بیت کوین,2,6,0.01,0.0001,2022-05-08T00:00:00.000000Z,False,False
MKRTMN,31959902.0000000000000000,32368194.0000000000000000,5.23,4.36,5.0565600000000000,17.9675500000000000,158408168.32852,32200068.0000000000000000,30146200.0000000000000000,32178199.0,32178199.0000000000000000,SELL,4.5632200000000000,3.7187900000000000,13,24,MKRTMN,MKR,5,TMN,0,میکر - تومان,میکر,تومان,5,0,1e-05,100000,2022-05-16T00:00:00.000000Z,False,False
MKRUSDT,982.0000000000000000,998.0000000000000000,0,11.93,-,0.6503000000000000,0.0,-,-,1013.0,1013.0000000000000000,SELL,2.1615,0.8511000000000000,7,4,MKRUSDT,MKR,4,USDT,2,میکر - تتر,میکر,تتر,4,2,0.0001,10,2022-05-16T00:00:00.000000Z,False,False
MKRBTC,0.0310000000000000,0.0590000000000000,0,0,-,-,0.0,-,-,0.059,0.0590000000000000,SELL,11.2900000000000000,0.0170,5,7,MKRBTC,MKR,4,BTC,5,میکر - بیت کوین,میکر,بیت کوین,4,5,0.0001,0.0001,2022-05-16T00:00:00.000000Z,False,False
BTCTMN,740099373.0000000000000000,741599206.0000000000000000,2.16,8.44,15.7967610000000000,113.8048930000000000,11598687819.686531,750000000.0000000000000000,718200017.0000000000000000,740099373.0,740099373.0000000000000000,SELL,100010.8566520000000000,16.0570300000000000,387,873,BTCTMN,BTC,6,TMN,0,بیت کوین - تومان,بیت کوین,تومان,6,0,1e-06,100000,2020-04-01T00:00:00.000000Z,False,False
BTCUSDT,22796.6900000000000000,22857.0400000000000000,2.63,7.06,8.6400440000000000,43.8243560000000000,194753.85070573,22960.4000000000000000,21969.0700000000000000,22705.94,22705.9400000000000000,BUY,15.4210150000000000,3.2621490000000000,212,315,BTCUSDT,BTC,6,USDT,2,بیت کوین - تتر,بیت کوین,تتر,6,2,1e-06,10,2020-04-01T00:00:00.000000Z,False,False
ETHTMN,52134154.0000000000000000,52304888.0000000000000000,6.25,17.95,311.5556700000000000,1668.0086200000000000,15905313276.84488,52809548.0000000000000000,48665852.0000000000000000,52134154.0,52134154.0000000000000000,SELL,100156.4975000000000000,194.9873700000000000,369,653,ETHTMN,ETH,5,TMN,0,اتریوم - تومان,اتریوم,تومان,5,0,1e-05,100000,2020-05-01T00:00:00.000000Z,False,False
ETHUSDT,1604.0400000000000000,1609.1500000000000000,6.91,16.71,173.8391100000000000,787.1007800000000000,272883.5978315,1623.0200000000000000,1492.0800000000000000,1604.77,1604.7700000000000000,BUY,52.0843900000000000,35.3960100000000000,138,167,ETHUSDT,ETH,5,USDT,2,اتریوم - تتر,اتریوم,تتر,5,2,1e-05,10,2020-05-01T00:00:00.000000Z,False,False
ETHBTC,0.0650870000000000,0.0708750000000000,18.12,10.74,0.1820000000000000,16.3490000000000000,0.01289925,0.0708750000000000,0.0708750000000000,0.070875,0.0708750000000000,BUY,2055.6230000000000000,14.1020000000000000,26,49,ETHBTC,ETH,3,BTC,6,اتریوم - بیت کوین,اتریوم,بیت کوین,3,6,0.001,0.0001,2020-05-01T00:00:00.000000Z,False,False
DOGETMN,2217.0000000000000000,2223.0000000000000000,1.97,6.88,1098149.9000000000000000,9135401.4000000000000000,2430014008.6,2254.0000000000000000,2152.0000000000000000,2223.0,2223.0000000000000000,SELL,595974.3000000000000000,1984175.5000000000000000,119,841,DOGETMN,DOGE,1,TMN,0,دوج کوین - تومان,دوج کوین,تومان,1,0,0.1,100000,2020-06-01T00:00:00.000000Z,False,False
DOGEUSDT,0.0680000000000000,0.0687900000000000,1.04,5.6,37471.5000000000000000,640863.9000000000000000,2532.738236,0.0692900000000000,0.0664900000000000,0.0679,0.0679000000000000,SELL,162277.8000000000000000,223815.6000000000000000,22,162,DOGEUSDT,DOGE,1,USDT,5,دوج کوین - تتر,دوج کوین,تتر,1,5,0.1,10,2020-06-01T00:00:00.000000Z,False,False
DOGEBTC,0.0000025700000000,0.0000038000000000,0,-17.1,394.0000000000000000,592.0000000000000000,0.00101258,0.0000025700000000,0.0000025700000000,2.57e-06,0.0000025700000000,SELL,119950.0000000000000000,7641.0000000000000000,14,36,DOGEBTC,DOGE,0,BTC,8,دوج کوین - بیت کوین,دوج کوین,بیت کوین,0,8,1,0.0001,2020-06-01T00:00:00.000000Z,False,False
BCHTMN,4223000.0000000000000000,4265106.0000000000000000,8.83,16.62,134.0137600000000000,578.5413900000000000,546306179.19331,4300000.0000000000000000,3850899.0000000000000000,4288098.0,4288098.0000000000000000,BUY,82.9235800000000000,144.8176700000000000,37,150,BCHTMN,BCH,5,TMN,0,بیت کوین کش - تومان,بیت کوین کش,تومان,5,0,1e-05,100000,2020-07-01T00:00:00.000000Z,False,False
BCHUSDT,129.6100000000000000,131.4100000000000000,4.66,13.21,6.3059900000000000,63.5113800000000000,798.7693201,129.7000000000000000,119.0300000000000000,129.7,129.7000000000000000,BUY,31.6747800000000000,17.1393700000000000,18,28,BCHUSDT,BCH,5,USDT,2,بیت کوین کش - تتر,بیت کوین کش,تتر,5,2,1e-05,10,2020-07-01T00:00:00.000000Z,False,False
BCHBTC,0.0041770000000000,0.0064000000000000,0,-30.27,0.1270000000000000,0.1270000000000000,0.000529463,0.0041690000000000,0.0041690000000000,0.004169,0.0041690000000000,BUY,157.0880000000000000,23.5150000000000000,14,22,BCHBTC,BCH,3,BTC,6,بیت کوین کش - بیت کوین,بیت کوین کش,بیت کوین,3,6,0.001,0.0001,2020-07-01T00:00:00.000000Z,False,False
LTCTMN,1907252.0000000000000000,1924794.0000000000000000,7.25,6.91,303.9531500000000000,1748.9596700000000000,567112215.11513,1929111.0000000000000000,1782963.0000000000000000,1929111.0,1929111.0000000000000000,BUY,108.2232500000000000,931.1938600000000000,39,209,LTCTMN,LTC,5,TMN,0,لایت کوین - تومان,لایت کوین,تومان,5,0,1e-05,100000,2020-08-01T00:00:00.000000Z,False,False
LTCUSDT,58.5200000000000000,59.3200000000000000,5.49,6.12,33.0492900000000000,239.6585500000000000,1849.3867748,58.4400000000000000,55.4000000000000000,58.44,58.4400000000000000,SELL,76.6428800000000000,127.9743100000000000,23,70,LTCUSDT,LTC,5,USDT,2,لایت کوین - تتر,لایت کوین,تتر,5,2,1e-05,10,2020-08-01T00:00:00.000000Z,False,False
LTCBTC,0.0018690000000000,0.0028800000000000,0,-0.69,-,0.5000000000000000,0.0,-,-,0.00288,0.0028800000000000,SELL,1186.2000000000000000,28.6700000000000000,13,14,LTCBTC,LTC,2,BTC,6,لایت کوین - بیت کوین,لایت کوین,بیت کوین,2,6,0.01,0.0001,2020-08-01T00:00:00.000000Z,False,False
DASHTMN,1587836.0000000000000000,1598600.0000000000000000,2.61,5.35,841.0261000000000000,4107.2157000000000000,1320199108.05332,1627760.0000000000000000,1500000.0000000000000000,1595995.0,1595995.0000000000000000,SELL,237.1662400000000000,895.0717700000000000,55,267,DASHTMN,DASH,5,TMN,0,دش - تومان,دش,تومان,5,0,1e-05,100000,2020-09-01T00:00:00.000000Z,False,False
DASHUSDT,48.7800000000000000,49.5400000000000000,-1.19,3.72,36.4208600000000000,106.0931300000000000,1784.1082216,49.2900000000000000,47.4300000000000000,47.43,47.4300000000000000,BUY,84.5249000000000000,96.6696600000000000,15,65,DASHUSDT,DASH,5,USDT,2,دش - تتر,دش,تتر,5,2,1e-05,10,2020-09-01T00:00:00.000000Z,False,False
DASHBTC,0.0016610000000000,0.0027700000000000,0,0,-,-,0.0,-,-,0.00241,0.0024100000000000,SELL,1525.2160000000000000,9.9760000000000000,12,11,DASHBTC,DASH,3,BTC,6,دش - بیت کوین,دش,بیت کوین,3,6,0.001,0.0001,2020-09-01T00:00:00.000000Z,False,False
USDTTMN,32466.0000000000000000,32487.0000000000000000,-0.56,0.89,2081235.4700000000000000,9644218.2100000000000000,67723223095.22,32730.0000000000000000,32372.0000000000000000,32487.0,32487.0000000000000000,SELL,434601.7300000000000000,288869.2000000000000000,701,392,USDTTMN,USDT,2,TMN,0,تتر - تومان,تتر,تومان,2,0,0.01,100000,2020-10-01T00:00:00.000000Z,False,False
XRPTMN,11769.0000000000000000,11871.0000000000000000,1.31,3.6,33512.8000000000000000,203671.7000000000000000,390297190.8,11999.0000000000000000,11411.0000000000000000,11749.0,11749.0000000000000000,SELL,71074.3000000000000000,71506.1000000000000000,57,295,XRPTMN,XRP,1,TMN,0,ریپل - تومان,ریپل,تومان,1,0,0.1,100000,2020-11-01T00:00:00.000000Z,False,False
XRPUSDT,0.3619000000000000,0.3658000000000000,1.46,2.84,5020.5000000000000000,42928.8000000000000000,1802.25979,0.3628000000000000,0.3501000000000000,0.3618,0.3618000000000000,SELL,83521.2000000000000000,12563.6000000000000000,18,46,XRPUSDT,XRP,1,USDT,5,ریپل - تتر,ریپل,تتر,1,5,0.1,10,2020-11-01T00:00:00.000000Z,False,False
XRPBTC,0.0000144500000000,0.0000168000000000,0,0,-,-,0.0,-,-,1.6e-05,0.0000160000000000,SELL,105563.0000000000000000,3515.0000000000000000,13,12,XRPBTC,XRP,0,BTC,8,ریپل - بیت کوین,ریپل,بیت کوین,0,8,1,0.0001,2020-11-01T00:00:00.000000Z,False,False
XLMTMN,3700.0000000000000000,3724.0000000000000000,1.84,5.53,19645.9000000000000000,236048.5000000000000000,72363386.3,3750.0000000000000000,3583.0000000000000000,3700.0,3700.0000000000000000,SELL,25542.8000000000000000,93075.4000000000000000,18,149,XLMTMN,XLM,1,TMN,0,استلار - تومان,استلار,تومان,1,0,0.1,100000,2020-12-01T00:00:00.000000Z,False,False
XLMUSDT,0.1133000000000000,0.1150000000000000,-2.65,2.05,659.6000000000000000,21883.8000000000000000,74.298291,0.1130000000000000,0.1100100000000000,0.11001,0.1100100000000000,BUY,20860.4000000000000000,25953.5000000000000000,9,25,XLMUSDT,XLM,1,USDT,5,استلار - تتر,استلار,تتر,1,5,0.1,10,2020-12-01T00:00:00.000000Z,False,False
XLMBTC,0.0000042800000000,0.0000050000000000,0,23.98,-,1522.0000000000000000,0.0,-,-,4.86e-06,0.0000048600000000,BUY,145965.0000000000000000,6391.0000000000000000,8,15,XLMBTC,XLM,0,BTC,8,استلار - بیت کوین,استلار,بیت کوین,0,8,1,0.0001,2020-12-01T00:00:00.000000Z,False,False
EOSTMN,39440.0000000000000000,39893.0000000000000000,6.14,23.33,27967.6600000000000000,60477.6000000000000000,1089781834.93,41000.0000000000000000,36847.0000000000000000,39810.0,39810.0000000000000000,SELL,3467.2300000000000000,18740.8400000000000000,32,196,EOSTMN,EOS,2,TMN,0,ایاس - تومان,ایاس,تومان,2,0,0.01,100000,2021-01-01T00:00:00.000000Z,False,False
EOSUSDT,1.2130000000000000,1.2310000000000000,4.27,22,1557.4200000000000000,12217.4200000000000000,1933.222408,1.2530000000000000,1.1700000000000000,1.22,1.2200000000000000,SELL,1089.0400000000000000,3270.9000000000000000,13,65,EOSUSDT,EOS,2,USDT,4,ایاس - تتر,ایاس,تتر,2,4,0.01,10,2021-01-01T00:00:00.000000Z,False,False
EOSBTC,0.0000412000000000,0.0000555000000000,0,25.94,24.9800000000000000,24.9800000000000000,0.001249,0.0000500000000000,0.0000500000000000,5e-05,0.0000500000000000,SELL,5984.0000000000000000,709.6200000000000000,10,14,EOSBTC,EOS,2,BTC,7,ایاس - بیت کوین,ایاس,بیت کوین,2,7,0.01,0.0001,2021-01-01T00:00:00.000000Z,False,False
TRXTMN,2195.0000000000000000,2197.0000000000000000,1.48,-0.5,1062100.0000000000000000,5265239.2000000000000000,2318673842.4,2210.0000000000000000,2157.0000000000000000,2197.0,2197.0000000000000000,SELL,228810.3000000000000000,719582.9000000000000000,130,311,TRXTMN,TRX,1,TMN,0,ترون - تومان,ترون,تومان,1,0,0.1,100000,2021-02-01T00:00:00.000000Z,False,False
TRXUSDT,0.0673500000000000,0.0676100000000000,0.95,-1.94,73544.5000000000000000,1360192.1000000000000000,4933.15835,0.0676000000000000,0.0663000000000000,0.06713,0.0671300000000000,SELL,147220.8000000000000000,76294.3000000000000000,42,31,TRXUSDT,TRX,1,USDT,5,ترون - تتر,ترون,تتر,1,5,0.1,10,2021-02-01T00:00:00.000000Z,False,False
TRXBTC,0.0000030300000000,0.0000040800000000,0,30.75,2955.0000000000000000,4443.0000000000000000,0.01148836,0.0000042100000000,0.0000037700000000,4.21e-06,0.0000042100000000,BUY,107083.0000000000000000,49553.0000000000000000,18,15,TRXBTC,TRX,0,BTC,8,ترون - بیت کوین,ترون,بیت کوین,0,8,1,0.0001,2021-03-01T00:00:00.000000Z,False,False
ADATMN,16960.0000000000000000,16992.0000000000000000,8.03,15.67,414632.5000000000000000,1391471.5000000000000000,6918322655.3,17400.0000000000000000,15516.0000000000000000,16960.0,16960.0000000000000000,SELL,102269.7000000000000000,173483.3000000000000000,185,683,ADATMN,ADA,1,TMN,0,کاردانو - تومان,کاردانو,تومان,1,0,0.1,100000,2021-05-01T00:00:00.000000Z,False,False
ADAUSDT,0.5220000000000000,0.5230000000000000,8.75,16.26,83553.5000000000000000,217198.5000000000000000,42226.0679,0.5340000000000000,0.4770000000000000,0.522,0.5220000000000000,SELL,22327.1000000000000000,59081.9000000000000000,57,271,ADAUSDT,ADA,1,USDT,3,کاردانو - تتر,کاردانو,تتر,1,3,0.1,10,2021-05-01T00:00:00.000000Z,False,False
ADABTC,0.0000211000000000,0.0000240000000000,0,-0.47,-,63.4000000000000000,0.0,-,-,2.1e-05,0.0000210000000000,BUY,23017.0000000000000000,5289.7000000000000000,18,29,ADABTC,ADA,1,BTC,7,کاردانو - بیت کوین,کاردانو,بیت کوین,1,7,0.1,0.0001,2021-05-01T00:00:00.000000Z,False,False
BNBTMN,8542479.0000000000000000,8562717.0000000000000000,3.16,5.5,98.9680000000000000,460.2620000000000000,846651588.42,8819328.0000000000000000,8279549.0000000000000000,8566439.0,8566439.0000000000000000,BUY,147.5160000000000000,396.7540000000000000,61,137,BNBTMN,BNB,3,TMN,0,بایننس کوین - تومان,بایننس کوین,تومان,3,0,0.001,100000,2021-06-01T00:00:00.000000Z,False,False
BNBUSDT,262.3000000000000000,265.0000000000000000,2.43,3.86,15.8260000000000000,115.6900000000000000,4115.05472,271.2000000000000000,254.0000000000000000,261.2,261.2000000000000000,BUY,1045.4450000000000000,51.0540000000000000,39,61,BNBUSDT,BNB,3,USDT,4,بایننس کوین - تتر,بایننس کوین,تتر,3,4,0.001,10,2021-06-01T00:00:00.000000Z,False,False
BNBBTC,0.0106100000000000,0.0119500000000000,0,0,-,-,0.0,-,-,0.01195,0.0119500000000000,SELL,70.7140000000000000,4.8050000000000000,22,13,BNBBTC,BNB,3,BTC,5,بایننس کوین - بیت کوین,بایننس کوین,بیت کوین,3,5,0.001,0.0001,2021-06-01T00:00:00.000000Z,False,False
ATOMTMN,328070.0000000000000000,330770.0000000000000000,2.52,13.58,3764.2600000000000000,15840.5200000000000000,1248402965.01,365500.0000000000000000,319000.0000000000000000,329382.0,329382.0000000000000000,SELL,1822.9000000000000000,3263.1500000000000000,72,262,ATOMTMN,ATOM,2,TMN,0,اتم - تومان,اتم,تومان,2,0,0.01,100000,2021-07-01T00:00:00.000000Z,False,False
ATOMUSDT,10.0600000000000000,10.1900000000000000,2.2,13.92,313.6900000000000000,1398.7800000000000000,3238.6536,11.0000000000000000,9.9600000000000000,10.23,10.2300000000000000,BUY,395.8800000000000000,514.8700000000000000,20,49,ATOMUSDT,ATOM,2,USDT,2,اتم - تتر,اتم,تتر,2,2,0.01,10,2021-07-01T00:00:00.000000Z,False,False
ATOMBTC,0.0003630000000000,0.0004840000000000,0,0,-,-,0.0,-,-,0.0004,0.0004000000000000,SELL,1535.9300000000000000,28.4000000000000000,10,4,ATOMBTC,ATOM,2,BTC,6,اتم - بیت کوین,اتم,بیت کوین,2,6,0.01,0.0001,2021-07-01T00:00:00.000000Z,False,False
MATICTMN,28698.0000000000000000,28800.0000000000000000,5.94,15.87,67107.9000000000000000,526499.9000000000000000,1873316098.7,29000.0000000000000000,26566.0000000000000000,28698.0,28698.0000000000000000,SELL,26916.1000000000000000,49017.7000000000000000,86,320,MATICTMN,MATIC,1,TMN,0,متیک - تومان,متیک,تومان,1,0,0.1,100000,2021-08-01T00:00:00.000000Z,False,False
MATICUSDT,0.8770000000000000,0.8890000000000000,2.6,13.63,8908.1000000000000000,115028.0000000000000000,7685.5773,0.8830000000000000,0.8270000000000000,0.867,0.8670000000000000,SELL,12665.4000000000000000,21842.3000000000000000,36,98,MATICUSDT,MATIC,1,USDT,3,متیک - تتر,متیک,تتر,1,3,0.1,10,2021-08-01T00:00:00.000000Z,False,False
MATICBTC,0.0000368000000000,0.0000480000000000,0,3.66,-,211.0000000000000000,0.0,-,-,3.68e-05,0.0000368000000000,BUY,7713.9000000000000000,726.9000000000000000,11,9,MATICBTC,MATIC,1,BTC,7,متیک - بیت کوین,متیک,بیت کوین,1,7,0.1,0.0001,2021-08-01T00:00:00.000000Z,False,False
FTMTMN,11524.0000000000000000,11600.0000000000000000,6.61,36.62,338759.1600000000000000,2096482.7800000000000000,3780098914.19,11599.0000000000000000,10300.0000000000000000,11599.0,11599.0000000000000000,SELL,82036.9800000000000000,255589.8400000000000000,152,691,FTMTMN,FTM,2,TMN,0,فانتوم - تومان,فانتوم,تومان,2,0,0.01,100000,2021-09-01T00:00:00.000000Z,False,False
FTMUSDT,0.3542000000000000,0.3560000000000000,4.98,37.29,14743.1900000000000000,69185.9900000000000000,5035.837911,0.3560000000000000,0.3167000000000000,0.356,0.3560000000000000,BUY,19993.3600000000000000,18698.6500000000000000,23,141,FTMUSDT,FTM,2,USDT,4,فانتوم - تتر,فانتوم,تتر,2,4,0.01,10,2021-09-01T00:00:00.000000Z,False,False
FTMBTC,0.0000112200000000,0.0000200000000000,0,0,-,-,0.0,-,-,2.49e-05,0.0000249000000000,SELL,36892.0000000000000000,1713.0000000000000000,14,17,FTMBTC,FTM,0,BTC,8,فانتوم - بیت کوین,فانتوم,بیت کوین,0,8,1,0.0001,2021-09-01T00:00:00.000000Z,False,False
DOTTMN,240206.0000000000000000,243423.0000000000000000,3.59,6.66,2372.5200000000000000,6132.0800000000000000,569995826.52,244500.0000000000000000,225000.0000000000000000,243060.0,243060.0000000000000000,BUY,1770.7400000000000000,2990.9900000000000000,34,245,DOTTMN,DOT,2,TMN,0,پولکادات - تومان,پولکادات,تومان,2,0,0.01,100000,2021-10-01T00:00:00.000000Z,False,False
DOTUSDT,7.3900000000000000,7.4500000000000000,1.24,2.66,93.5900000000000000,4515.8100000000000000,689.8291,7.5400000000000000,7.2300000000000000,7.32,7.3200000000000000,BUY,2922.7900000000000000,1266.3600000000000000,26,82,DOTUSDT,DOT,2,USDT,3,پولکادات - تتر,پولکادات,تتر,2,3,0.01,10,2021-10-01T00:00:00.000000Z,False,False
DOTBTC,0.0002901000000000,0.0004395000000000,0,0,-,-,0.0,-,-,0.00035,0.0003500000000000,SELL,4737.0000000000000000,40.7000000000000000,6,9,DOTBTC,DOT,1,BTC,7,پولکادات - بیت کوین,پولکادات,بیت کوین,1,7,0.1,0.0001,2021-10-01T00:00:00.000000Z,False,False
SHIBTMN,0.3820000000000000,0.3830000000000000,2.13,9.43,8181401944.0000000000000000,67491116021.0000000000000000,3124367312.422,0.3920000000000000,0.3700000000000000,0.383,0.3830000000000000,BUY,4559973709.0000000000000000,9835175825.0000000000000000,235,866,SHIBTMN,SHIB,0,TMN,3,شیبا - تومان,شیبا,تومان,0,3,1,100000,2021-11-01T00:00:00.000000Z,False,False
SHIBUSDT,0.0000117300000000,0.0000118200000000,3.05,8.82,154454017.0000000000000000,4416122217.0000000000000000,1806.07210735,0.0000119300000000,0.0000114300000000,1.184e-05,0.0000118400000000,BUY,624158502.0000000000000000,1682069452.0000000000000000,50,170,SHIBUSDT,SHIB,0,USDT,8,شیبا - تتر,شیبا,تتر,0,8,1,10,2021-11-01T00:00:00.000000Z,False,False
FILTMN,185022.0000000000000000,185960.0000000000000000,4.09,-0.94,1886.0000000000000000,13210.1700000000000000,349659502.72,191570.0000000000000000,177400.0000000000000000,185050.0,185050.0000000000000000,SELL,1782.0400000000000000,2289.1800000000000000,27,229,FILTMN,FIL,2,TMN,0,فایل کوین - تومان,فایل کوین,تومان,2,0,0.01,100000,2021-12-01T00:00:00.000000Z,False,False
FILUSDT,5.6800000000000000,5.7400000000000000,3.8,-1.2,452.5300000000000000,2666.5100000000000000,2607.9903,5.8800000000000000,5.3700000000000000,5.74,5.7400000000000000,BUY,905.4700000000000000,1334.4700000000000000,11,69,FILUSDT,FIL,2,USDT,2,فایل کوین - تتر,فایل کوین,تتر,2,2,0.01,10,2021-12-01T00:00:00.000000Z,False,False
FILBTC,0.0002270000000000,0.0003400000000000,0,0,-,-,0.0,-,-,0.00036,0.0003600000000000,SELL,363.6600000000000000,62.7400000000000000,7,14,FILBTC,FIL,2,BTC,6,فایل کوین - بیت کوین,فایل کوین,بیت کوین,2,6,0.01,0.0001,2021-12-01T00:00:00.000000Z,False,False
CAKETMN,110940.0000000000000000,111959.0000000000000000,3.75,5.9,1720.9800000000000000,9652.8200000000000000,187978860.34,112312.0000000000000000,105764.0000000000000000,111199.0,111199.0000000000000000,BUY,956.4200000000000000,1317.5200000000000000,23,97,CAKETMN,CAKE,2,TMN,0,پن کیک سوآپ - تومان,پن کیک سوآپ,تومان,2,0,0.01,100000,2021-12-15T00:00:00.000000Z,False,False
CAKEUSDT,3.4000000000000000,3.4500000000000000,1.5,4.63,244.2700000000000000,1635.8400000000000000,831.8377,3.4500000000000000,3.3400000000000000,3.39,3.3900000000000000,BUY,428.9300000000000000,426.4500000000000000,13,28,CAKEUSDT,CAKE,2,USDT,2,پن کیک سوآپ - تتر,پن کیک سوآپ,تتر,2,2,0.01,10,2021-12-15T00:00:00.000000Z,False,False
CAKEBTC,0.0001110000000000,0.0002850000000000,0,0,-,-,0.0,-,-,0.000203,0.0002030000000000,SELL,612.0000000000000000,6.8300000000000000,4,66,CAKEBTC,CAKE,2,BTC,6,پن کیک سوآپ - بیت کوین,پن کیک سوآپ,بیت کوین,2,6,0.01,0.0001,2021-12-15T00:00:00.000000Z,False,False
LINKTMN,228810.0000000000000000,231512.0000000000000000,7.05,10.65,547.8000000000000000,3112.9800000000000000,124152016.36,231874.0000000000000000,216599.0000000000000000,231874.0,231874.0000000000000000,BUY,763.7200000000000000,2389.1600000000000000,21,111,LINKTMN,LINK,2,TMN,0,چین لینک - تومان,چین لینک,تومان,2,0,0.01,100000,2021-12-16T00:00:00.000000Z,False,False
LINKUSDT,7.0400000000000000,7.1400000000000000,0.14,7.78,18.2600000000000000,1051.3500000000000000,126.4092,6.9300000000000000,6.9200000000000000,6.93,6.9300000000000000,BUY,637.6400000000000000,395.5700000000000000,16,27,LINKUSDT,LINK,2,USDT,2,چین لینک - تتر,چین لینک,تتر,2,2,0.01,10,2021-12-16T00:00:00.000000Z,False,False
LINKBTC,0.0002250000000000,0.0004400000000000,0,0,-,-,0.0,-,-,0.000352,0.0003520000000000,BUY,1061.0000000000000000,49.8700000000000000,7,8,LINKBTC,LINK,2,BTC,6,چین لینک - بیت کوین,چین لینک,بیت کوین,2,6,0.01,0.0001,2021-12-16T00:00:00.000000Z,False,False
UNITMN,229015.0000000000000000,230546.0000000000000000,2.45,-1.17,1634.4600000000000000,7045.6800000000000000,373762964.97,232888.0000000000000000,219961.0000000000000000,226829.0,226829.0000000000000000,BUY,937.0400000000000000,2364.1800000000000000,22,88,UNITMN,UNI,2,TMN,0,یونی سوآپ - تومان,یونی سوآپ,تومان,2,0,0.01,100000,2021-12-17T00:00:00.000000Z,False,False
UNIUSDT,6.9900000000000000,7.1000000000000000,1.71,0.85,302.6800000000000000,1089.8300000000000000,2144.6136,7.1700000000000000,7.0200000000000000,7.14,7.1400000000000000,SELL,440.1900000000000000,490.8300000000000000,9,31,UNIUSDT,UNI,2,USDT,2,یونی سوآپ - تتر,یونی سوآپ,تتر,2,2,0.01,10,2021-12-17T00:00:00.000000Z,False,False
UNIBTC,0.0001900000000000,0.0005990000000000,0,0,-,-,0.0,-,-,0.00033,0.0003300000000000,SELL,397.9400000000000000,35.6600000000000000,5,4,UNIBTC,UNI,2,BTC,6,یونی سوآپ - بیت کوین,یونی سوآپ,بیت کوین,2,6,0.01,0.0001,2021-12-17T00:00:00.000000Z,False,False
RUNETMN,89768.0000000000000000,89834.0000000000000000,0.75,24.5,7708.6500000000000000,119999.9500000000000000,689368029.47,92000.0000000000000000,85501.0000000000000000,89768.0,89768.0000000000000000,SELL,7533.3400000000000000,17484.7900000000000000,61,256,RUNETMN,RUNE,2,TMN,0,تورچین - تومان,تورچین,تومان,2,0,0.01,100000,2021-12-18T00:00:00.000000Z,False,False
RUNEUSDT,2.7300000000000000,3.1900000000000000,3.02,24.66,339.8100000000000000,11593.7400000000000000,957.158,3.2900000000000000,2.6500000000000000,2.73,2.7300000000000000,BUY,903.2100000000000000,755.0100000000000000,12,35,RUNEUSDT,RUNE,2,USDT,2,تورچین - تتر,تورچین,تتر,2,2,0.01,10,2021-12-18T00:00:00.000000Z,False,False
RUNEBTC,0.0000940000000000,0.0001700000000000,0,23.66,-,13.3600000000000000,0.0,-,-,0.000115,0.0001150000000000,SELL,1275.8000000000000000,137.8100000000000000,7,9,RUNEBTC,RUNE,2,BTC,6,تورچین - بیت کوین,تورچین,بیت کوین,2,6,0.01,0.0001,2021-12-18T00:00:00.000000Z,False,False
CHZTMN,3557.0000000000000000,3590.0000000000000000,2.86,1.87,22441.7000000000000000,307823.7000000000000000,78697438.9,3591.0000000000000000,3445.0000000000000000,3591.0,3591.0000000000000000,BUY,19573.4,89767.5000000000000000,15,137,CHZTMN,CHZ,1,TMN,0,چیلیز - تومان,چیلیز,تومان,1,0,0.1,100000,2021-12-19T00:00:00.000000Z,False,False
CHZUSDT,0.1094000000000000,0.1109000000000000,0.65,-0.55,736.4000000000000000,20356.3000000000000000,80.15441,0.1091000000000000,0.1084000000000000,0.1091,0.1091000000000000,SELL,109115.5000000000000000,22552.6000000000000000,9,44,CHZUSDT,CHZ,1,USDT,5,چیلیز - تتر,چیلیز,تتر,1,5,0.1,10,2021-12-19T00:00:00.000000Z,False,False
CHZBTC,0.0000020000000000,0.0000197000000000,0,0,-,-,0.0,-,-,5.39e-06,0.0000053900000000,BUY,40850.0000000000000000,2713.0000000000000000,2,5,CHZBTC,CHZ,0,BTC,8,چیلیز - بیت کوین,چیلیز,بیت کوین,0,8,1,0.0001,2021-12-19T00:00:00.000000Z,False,False
BTTCTMN,0.0303810000000000,0.0306900000000000,2.65,5.83,1377741675.0000000000000000,25877575187.0000000000000000,41372875.483466,0.0309500000000000,0.0295340000000000,0.030317,0.0303170000000000,BUY,2573999452.0000000000000000,7421660278.0000000000000000,35,162,BTTCTMN,BTTC,0,TMN,6,بیت تورنت - تومان,بیت تورنت,تومان,0,6,1,100000,2021-12-20T00:00:00.000000Z,False,False
BTTCUSDT,0.0000009300000000,0.0000009500000000,2.2,5.68,379892619.0000000000000000,3112755645.0000000000000000,349.76770948,9.300000000E-7,9.100000000E-7,9.3e-07,9.300000000E-7,BUY,526892970.0000000000000000,1734898656.0000000000000000,7,28,BTTCUSDT,BTTC,0,USDT,8,بیت تورنت - تتر,بیت تورنت,تتر,0,8,1,10,2021-12-20T00:00:00.000000Z,False,False
MANATMN,31567.0000000000000000,31906.0000000000000000,-0.15,15.24,16593.6000000000000000,74022.9000000000000000,530929007.4,33300.0000000000000000,30989.0000000000000000,31652.0,31652.0000000000000000,SELL,7110.4000000000000000,19767.7000000000000000,39,273,MANATMN,MANA,1,TMN,0,مانا - تومان,مانا,تومان,1,0,0.1,100000,2021-12-21T00:00:00.000000Z,False,False
MANAUSDT,0.9720000000000000,0.9840000000000000,-2.52,14.4,1296.1000000000000000,8135.8000000000000000,1265.8218,1.0200000000000000,0.9100000000000000,0.969,0.9690000000000000,SELL,4408.0000000000000000,7952.3000000000000000,23,99,MANAUSDT,MANA,1,USDT,3,مانا - تتر,مانا,تتر,1,3,0.1,10,2021-12-21T00:00:00.000000Z,False,False
MANABTC,0.0000321000000000,0.0000480000000000,0,0,-,-,0.0,-,-,4.5e-05,0.0000450000000000,SELL,10294.1000000000000000,337.5000000000000000,6,15,MANABTC,MANA,1,BTC,7,مانا - بیت کوین,مانا,بیت کوین,1,7,0.1,0.0001,2021-12-21T00:00:00.000000Z,False,False
AXSTMN,560779.0000000000000000,566731.0000000000000000,1.48,17.07,1415.3720300000000000,3485.1852900000000000,800679879.65983,612142.0000000000000000,510856.0000000000000000,562611.0,562611.0000000000000000,SELL,216.3467800000000000,754.0193500000000000,30,196,AXSTMN,AXS,5,TMN,0,اکسی - تومان,اکسی,تومان,5,0,1e-05,100000,2021-12-23T00:00:00.000000Z,False,False
AXSUSDT,17.2400000000000000,17.4800000000000000,7.07,23.67,23.3022200000000000,315.6849300000000000,404.0571894,18.5000000000000000,16.8700000000000000,18.18,18.1800000000000000,BUY,239.4581700000000000,139.7481800000000000,20,57,AXSUSDT,AXS,5,USDT,2,اکسی - تتر,اکسی,تتر,5,2,1e-05,10,2021-12-23T00:00:00.000000Z,False,False
AXSBTC,0.0006330000000000,0.0009300000000000,0,0,-,-,0.0,-,-,0.000978,0.0009780000000000,SELL,422.0000000000000000,13.0400000000000000,6,8,AXSBTC,AXS,2,BTC,6,اکسی - بیت کوین,اکسی,بیت کوین,2,6,0.01,0.0001,2021-12-23T00:00:00.000000Z,False,False
SANDTMN,43585.0000000000000000,43981.0000000000000000,0.19,10.89,8102.8000000000000000,61717.4000000000000000,355219646.7,46000.0000000000000000,42300.0000000000000000,43036.0,43036.0000000000000000,SELL,7596.3000000000000000,8958.9000000000000000,45,185,SANDTMN,SAND,1,TMN,0,سندباکس - تومان,سندباکس,تومان,1,0,0.1,100000,2021-12-25T00:00:00.000000Z,False,False
SANDUSDT,1.3380000000000000,1.3570000000000000,-0.51,11.63,848.1000000000000000,11306.7000000000000000,1150.5079,1.3670000000000000,1.2960000000000000,1.353,1.3530000000000000,SELL,1890.3000000000000000,2318.8000000000000000,17,59,SANDUSDT,SAND,1,USDT,3,سندباکس - تتر,سندباکس,تتر,1,3,0.1,10,2021-12-25T00:00:00.000000Z,False,False
SANDBTC,0.0000471000000000,0.0000679000000000,0,0,-,-,0.0,-,-,5.3e-05,0.0000530000000000,SELL,9601.0000000000000000,57.5000000000000000,10,8,SANDBTC,SAND,1,BTC,7,سندباکس - بیت کوین,سندباکس,بیت کوین,1,7,0.1,0.0001,2021-12-25T00:00:00.000000Z,False,False
ENJTMN,19126.0000000000000000,19364.0000000000000000,1.26,16.11,10752.2000000000000000,80463.4000000000000000,209149202.7,19837.0000000000000000,18681.0000000000000000,19200.0,19200.0000000000000000,BUY,4319.5000000000000000,11806.8000000000000000,18,106,ENJTMN,ENJ,1,TMN,0,انجین - تومان,انجین,تومان,1,0,0.1,100000,2021-12-26T00:00:00.000000Z,False,False
ENJUSDT,0.5870000000000000,0.5960000000000000,0,16.67,-,15238.4000000000000000,0.0,-,-,0.595,0.5950000000000000,SELL,3083.9000000000000000,3009.9000000000000000,8,35,ENJUSDT,ENJ,1,USDT,3,انجین - تتر,انجین,تتر,1,3,0.1,10,2021-12-26T00:00:00.000000Z,False,False
ENJBTC,0.0000200000000000,0.0000396000000000,0,39.02,-,39.5000000000000000,0.0,-,-,3.99e-05,0.0000399000000000,SELL,11605.5000000000000000,331.1000000000000000,6,7,ENJBTC,ENJ,1,BTC,7,انجین - بیت کوین,انجین,بیت کوین,1,7,0.1,0.0001,2021-12-26T00:00:00.000000Z,False,False
ALICETMN,77787.0000000000000000,78508.0000000000000000,1.13,8.32,2423.7900000000000000,17878.6400000000000000,188381719.31,80000.0000000000000000,75000.0000000000000000,77529.0,77529.0000000000000000,BUY,1901.2300000000000000,5108.8300000000000000,30,186,ALICETMN,ALICE,2,TMN,0,آلیس - تومان,آلیس,تومان,2,0,0.01,100000,2021-12-29T00:00:00.000000Z,False,False
ALICEUSDT,2.3800000000000000,2.4200000000000000,0,7.14,-,844.2500000000000000,0.0,-,-,2.4,2.4000000000000000,BUY,1033.6000000000000000,1078.7900000000000000,13,46,ALICEUSDT,ALICE,2,USDT,2,آلیس - تتر,آلیس,تتر,2,2,0.01,10,2021-12-29T00:00:00.000000Z,False,False
ALICEBTC,0.0000960000000000,0.0001200000000000,0,0,-,-,0.0,-,-,7e-05,0.0000700000000000,BUY,903.4700000000000000,40.8300000000000000,6,10,ALICEBTC,ALICE,2,BTC,6,آلیس - بیت کوین,آلیس,بیت کوین,2,6,0.01,0.0001,2021-12-29T00:00:00.000000Z,False,False
EGLDTMN,1787181.0000000000000000,1804111.0000000000000000,2.54,-4.59,114.1104000000000000,603.1203600000000000,204586492.39262,1826898.0000000000000000,1747936.0000000000000000,1794445.0,1794445.0000000000000000,BUY,118.8659200000000000,108.0265000000000000,17,65,EGLDTMN,EGLD,5,TMN,0,الروند - تومان,الروند,تومان,5,0,1e-05,100000,2022-03-16T00:00:00.000000Z,False,False
EGLDUSDT,54.8900000000000000,55.6600000000000000,0,-6.68,0.5917400000000000,41.3715500000000000,32.2064096,54.6600000000000000,54.2300000000000000,54.23,54.2300000000000000,SELL,55.8702100000000000,53.9262600000000000,8,21,EGLDUSDT,EGLD,5,USDT,2,الروند - تتر,الروند,تتر,5,2,1e-05,10,2022-03-16T00:00:00.000000Z,False,False
EGLDBTC,0.0021000000000000,0.0032500000000000,0,0,-,-,0.0,-,-,1e-06,0.0000010000000000,BUY,1002.0000000000000000,3.3000000000000000,2,4,EGLDBTC,EGLD,2,BTC,6,الروند - بیت کوین,الروند,بیت کوین,2,6,0.01,0.0001,2022-03-16T00:00:00.000000Z,False,False
AVAXTMN,776335.0000000000000000,781999.0000000000000000,2.55,13.28,480.9421100000000000,3121.0228100000000000,372716563.76894,798661.0000000000000000,750007.0000000000000000,781900.0,781900.0000000000000000,BUY,139.5235700000000000,404.6503700000000000,42,76,AVAXTMN,AVAX,5,TMN,0,اوالانچ - تومان,اوالانچ,تومان,5,0,1e-05,100000,2022-03-16T00:00:00.000000Z,False,False
AVAXUSDT,23.8700000000000000,24.2000000000000000,0,13.18,-,409.3198400000000000,0.0,-,-,23.87,23.8700000000000000,BUY,129.5353500000000000,70.9719700000000000,16,17,AVAXUSDT,AVAX,5,USDT,2,اوالانچ - تتر,اوالانچ,تتر,5,2,1e-05,10,2022-03-16T00:00:00.000000Z,False,False
AVAXBTC,0.0000040000000000,0.0049980000000000,0,0,-,-,0.0,-,-,0.00533,0.0053300000000000,SELL,400.0000000000000000,4.0500000000000000,2,4,AVAXBTC,AVAX,2,BTC,6,اوالانچ - بیت کوین,اوالانچ,بیت کوین,2,6,0.01,0.0001,2022-03-16T00:00:00.000000Z,False,False
NEARTMN,143384.0000000000000000,144000.0000000000000000,3.7,23.82,1664.0700000000000000,15863.1500000000000000,235550936.58,145469.0000000000000000,135429.0000000000000000,143128.0,143128.0000000000000000,SELL,1643.1400000000000000,1215.2000000000000000,34,105,NEARTMN,NEAR,2,TMN,0,نیر - تومان,نیر,تومان,2,0,0.01,100000,2022-03-16T00:00:00.000000Z,False,False
NEARUSDT,4.3800000000000000,4.4400000000000000,0,27.3,-,4348.0100000000000000,0.0,-,-,4.57,4.5700000000000000,SELL,538.0900000000000000,284.5400000000000000,14,21,NEARUSDT,NEAR,2,USDT,2,نیر - تتر,نیر,تتر,2,2,0.01,10,2022-03-16T00:00:00.000000Z,False,False
NEARBTC,0.0001400000000000,0.0002900000000000,0,110.67,-,3.4800000000000000,0.0,-,-,0.000316,0.0003160000000000,SELL,239.7000000000000000,38.3300000000000000,5,9,NEARBTC,NEAR,2,BTC,6,نیر - بیت کوین,نیر,بیت کوین,2,6,0.01,0.0001,2022-03-16T00:00:00.000000Z,False,False
XTZTMN,55152.0000000000000000,55623.0000000000000000,3.57,6.12,1257.9000000000000000,8523.5000000000000000,68121484.3,55738.0000000000000000,52125.0000000000000000,54895.0,54895.0000000000000000,BUY,3143.6000000000000000,2288.9000000000000000,21,64,XTZTMN,XTZ,1,TMN,0,تزوس - تومان,تزوس,تومان,1,0,0.1,100000,2022-03-16T00:00:00.000000Z,False,False
XTZUSDT,1.6890000000000000,1.7150000000000000,0,11.19,-,909.4000000000000000,0.0,-,-,1.719,1.7190000000000000,BUY,17911.7000000000000000,852.1000000000000000,12,19,XTZUSDT,XTZ,1,USDT,3,تزوس - تتر,تزوس,تتر,1,3,0.1,10,2022-03-16T00:00:00.000000Z,False,False
XTZBTC,0.0000680000000000,0.0000990000000000,0,0,-,-,0.0,-,-,6.67e-05,0.0000667000000000,BUY,8337.0000000000000000,111.7000000000000000,6,13,XTZBTC,XTZ,1,BTC,7,تزوس - بیت کوین,تزوس,بیت کوین,1,7,0.1,0.0001,2022-03-16T00:00:00.000000Z,False,False
SOLTMN,1328005.0000000000000000,1335054.0000000000000000,3.25,4.39,900.5405400000000000,6201.7011100000000000,1177232745.77579,1360779.0000000000000000,1266330.0000000000000000,1336229.0,1336229.0000000000000000,SELL,351.2716100000000000,838.6059000000000000,80,176,SOLTMN,SOL,5,TMN,0,سولانا - تومان,سولانا,تومان,5,0,1e-05,100000,2022-03-16T00:00:00.000000Z,False,False
SOLUSDT,40.8800000000000000,41.0800000000000000,4.61,5.46,223.2842400000000000,1548.4858500000000000,8978.1410756,41.8300000000000000,38.8600000000000000,41.33,41.3300000000000000,BUY,210.4194100000000000,313.9940300000000000,38,64,SOLUSDT,SOL,5,USDT,2,سولانا - تتر,سولانا,تتر,5,2,1e-05,10,2022-03-16T00:00:00.000000Z,False,False
SOLBTC,0.0015570000000000,0.0021500000000000,0,38.34,-,9.5600000000000000,0.0,-,-,0.001952,0.0019520000000000,BUY,522.6000000000000000,94.8400000000000000,8,6,SOLBTC,SOL,2,BTC,6,سولانا - بیت کوین,سولانا,بیت کوین,2,6,0.01,0.0001,2022-03-16T00:00:00.000000Z,False,False
